fanlar_juftligi,bozor
Kimyo + Matematika,Matematika + Fizika
Matematika + Geografiya,Matematika + Geografiya
Biologiya + Kimyo,Biologiya + Kimyo
Qirgʻiz tili va adabiyoti + Tarix,Qirgʻiz tili va adabiyoti + Tarix
Ona tili va adabiyoti + Chet tili,Ona tili va adabiyoti + Chet tili
Qozoq tili va adabiyoti + Chet tili,Qozoq tili va adabiyoti + Chet tili
Fransuz tili + Ona tili va adabiyoti,Ingliz tili + Ona tili va adabiyoti
Chet tili + Ona tili va adabiyoti,Ingliz tili + Ona tili va adabiyoti
Tarix + Kasbiy (ijodiy imtihon),Tarix + Kasbiy (ijodiy imtihon)
Geografiya + Matematika,Geografiya + Matematika
Turkman tili va adabiyoti + Tarix,Turkman tili va adabiyoti + Tarix
Ona tili va adabiyoti + Matematika,Ona tili va adabiyoti + Matematika
Kasbiy (ijodiy imtihon) + Ona tili va adabiyoti,Kasbiy (ijodiy imtihon) + Ona tili va adabiyoti
Qozoq tili va adabiyoti + Tarix,Qozoq tili va adabiyoti + Tarix
Matematika + Chet tili,Matematika + Chet tili
Matematika + Ona tili va adabiyoti,Matematika + Ona tili va adabiyoti
Kimyo + Biologiya,Kimyo + Biologiya
Biologiya + Ona tili va adabiyoti,Biologiya + Ona tili va adabiyoti
Tarix + Matematika,Tarix + Matematika
Rus tili va adabiyoti + Chet tili,Rus tili va adabiyoti + Chet tili
Tojik tili va adabiyoti + Chet tili,Tojik tili va adabiyoti + Chet tili
Fizika + Matematika,Matematika + Fizika
Kasbiy (ijodiy imtihon) + Kasbiy (ijodiy imtihon),Kasbiy (ijodiy imtihon) + Kasbiy (ijodiy imtihon)
Tarix + Geografiya,Tarix + Geografiya
Matematika + Fizika,Matematika + Fizika
Ingliz tili + Ona tili va adabiyoti,Ingliz tili + Ona tili va adabiyoti
Tarix + Chet tili,Tarix + Chet tili
Rus tili + Ona tili va adabiyoti,Rus tili + Ona tili va adabiyoti
Rus tili va adabiyoti + Tarix,Rus tili va adabiyoti + Tarix
Qoraqalpoq tili va adabiyoti + Chet tili,Ona tili va adabiyoti + Chet tili
Tarix + Ona tili va adabiyoti,Tarix + Ona tili va adabiyoti
Tojik tili va adabiyoti + Tarix,Tojik tili va adabiyoti + Tarix
Fizika + Chet tili,Fizika + Chet tili
Nemis tili + Ona tili va adabiyoti,Ingliz tili + Ona tili va adabiyoti
Turkman tili va adabiyoti + Chet tili,Turkman tili va adabiyoti + Chet tili
Huquqshunoslik fanlari + Chet tili,Huquqshunoslik fanlari + Chet tili
Kasbiy (ijodiy imtihon) + Chet tili,Kasbiy (ijodiy imtihon) + Chet tili
Qoraqalpoq tili va adabiyoti + Tarix,Qoraqalpoq tili va adabiyoti + Tarix
